{
 "a0": [
  1.0,
  1.0
 ],
 "a": [
  -5.070933951546319e-05,
  3.4766191996082524e-05
 ],
 "aerr": [
  7.106786033363638e-05,
  1.097744607533683e-06
 ],
 "arerr": [
  140.14747778752889,
  3.157506026709447
 ],
 "acov": [
  [
   2.1352531381092965e-11,
   3.168896600904111e-14
  ],
  [
   3.168896600904111e-14,
   5.094546296614301e-15
  ]
 ],
 "degrees_of_freedom": 18,
 "chi2": 4257.646659342786,
 "chi2_reduced": 236.53592551904364,
 "p_probability": 0.0
}