{
 "a0": [
  30.0,
  -0.001
 ],
 "a": [
  0.000101724593797534,
  0.003076536667869634
 ],
 "aerr": [
  0.00011223823209237373,
  0.0006677087596930624
 ],
 "arerr": [
  110.33539471857256,
  21.703260249305632
 ],
 "acov": [
  [
   1.0006732129457414e-11,
   -5.676580671804611e-11
  ],
  [
   -5.676580671804611e-11,
   3.5414799485548413e-10
  ]
 ],
 "degrees_of_freedom": 2,
 "chi2": 2517.7891404003467,
 "chi2_reduced": 1258.8945702001733,
 "p_probability": 0.0
}