{
 "a0": [
  0.0,
  1.0,
  0.000225,
  7.5e-06
 ],
 "a": [
  0.07918726509309708,
  1.0567671608063154,
  0.00024261859985961963,
  7.850001065473265e-06
 ],
 "aerr": [
  0.01409214418175335,
  0.013832338132408901,
  9.320867187390341e-06,
  2.889321952197814e-07
 ],
 "arerr": [
  17.79597283121954,
  1.308929596360167,
  3.841777667822435,
  3.6806644076851738
 ],
 "acov": [
  [
   7.886023486227686e-06,
   5.220052150182715e-06,
   -2.120147712479913e-09,
   5.5180882074092243e-11
  ],
  [
   5.220052150182715e-06,
   7.597926775522772e-06,
   -4.013949905700866e-09,
   1.2024601814837018e-10
  ],
  [
   -2.120147712479913e-09,
   -4.013949905700866e-09,
   3.4499797806527735e-12,
   -1.0651588497644042e-13
  ],
  [
   5.5180882074092243e-11,
   1.2024601814837018e-10,
   -1.0651588497644042e-13,
   3.315093521480706e-15
  ]
 ],
 "degrees_of_freedom": 23,
 "chi2": 579.19382863636,
 "chi2_reduced": 25.18234037549391,
 "p_probability": 1.044598224383484e-107
}