{
 "a0": [
  60.0,
  -10.0,
  20.0
 ],
 "a": [
  53.45230710826383,
  -0.0004851810225809277,
  31.36165317758139
 ],
 "aerr": [
  0.04778318925322367,
  1.4745996071044796e-06,
  0.06338207775621052
 ],
 "arerr": [
  0.08939406330290334,
  0.30392771738274615,
  0.20210056337692894
 ],
 "acov": [
  [
   1.1705634989234005e-07,
   1.828911599077458e-12,
   -1.0378053467581748e-07
  ],
  [
   1.828911599077458e-12,
   1.1147896789425935e-16,
   -4.668582586218394e-12
  ],
  [
   -1.0378053467581748e-07,
   -4.668582586218394e-12,
   2.059575207565258e-07
  ]
 ],
 "degrees_of_freedom": 3484,
 "chi2": 67956880.50879554,
 "chi2_reduced": 19505.419204591144,
 "p_probability": 0.0
}