{
 "a0": [
  60.0,
  -10.0,
  20.0
 ],
 "a": [
  40.948764227473724,
  -0.0012136101599976314,
  27.039091288044208
 ],
 "aerr": [
  0.03123684294631294,
  2.3100700254289177e-06,
  0.02046306872054245
 ],
 "arerr": [
  0.07628274878526183,
  0.1903469583209015,
  0.07567957259566094
 ],
 "acov": [
  [
   4.4528896321854904e-07,
   -1.3800458716613606e-11,
   5.108429948962562e-08
  ],
  [
   -1.3800458716613606e-11,
   2.4353307515830785e-15,
   -2.06091007392467e-11
  ],
  [
   5.108429948962562e-08,
   -2.06091007392467e-11,
   1.9109494037852724e-07
  ]
 ],
 "degrees_of_freedom": 1912,
 "chi2": 4189673.935734538,
 "chi2_reduced": 2191.2520584385657,
 "p_probability": 0.0
}