{
 "a0": [
  1.0,
  1.0,
  1.0,
  1.0
 ],
 "a": [
  -15.143531326818051,
  1.031895763241673,
  6.249374534629285,
  -0.2524190949608043
 ],
 "aerr": [
  2.812016186365474,
  0.12176024039467878,
  0.009107605432990877,
  2.914384864876987
 ],
 "arerr": [
  18.569091486512168,
  11.799664727004231,
  0.1457362714064175,
  1154.5817741441208
 ],
 "acov": [
  [
   6.0288341465625575,
   0.2599485931169904,
   -0.00972517353005519,
   -6.239882329811077
  ],
  [
   0.2599485931169904,
   0.011303389624883428,
   -0.0004178772166617333,
   -0.27008657447626794
  ],
  [
   -0.00972517353005519,
   -0.0004178772166617333,
   6.324207620111633e-05,
   0.010055834669730111
  ],
  [
   -6.239882329811077,
   -0.27008657447626794,
   0.010055834669730111,
   6.475771406262569
  ]
 ],
 "degrees_of_freedom": 14,
 "chi2": 18.36243753967917,
 "chi2_reduced": 1.311602681405655,
 "p_probability": 0.190768577427459
}