{
 "a0": [
  1.0,
  1.0,
  1.0,
  1.0
 ],
 "a": [
  -15.143539945150764,
  1.031895399043457,
  6.249374545356137,
  -0.25241023518847355
 ],
 "aerr": [
  2.8120381824748457,
  0.1217616278213895,
  0.009107614346633361,
  2.914420152634444
 ],
 "arerr": [
  18.56922616944205,
  11.799803345790638,
  0.14573641378881924,
  1154.6362810756307
 ],
 "acov": [
  [
   6.028928472735853,
   0.2599536094363545,
   -0.009725300621784377,
   -6.240006818998105
  ],
  [
   0.2599536094363545,
   0.01130364724073659,
   -0.00041788423745812433,
   -0.270092933638511
  ],
  [
   -0.009725300621784377,
   -0.00041788423745812433,
   6.3242200080769e-05,
   0.010056009574433004
  ],
  [
   -6.240006818998105,
   -0.270092933638511,
   0.010056009574433004,
   6.475928235334285
  ]
 ],
 "degrees_of_freedom": 14,
 "chi2": 18.362437513794745,
 "chi2_reduced": 1.3116026795567675,
 "p_probability": 0.19076857853593251
}