{
 "a0": [
  1.0,
  1.0
 ],
 "a": [
  1.31248479550742,
  1.7610386114836867
 ],
 "aerr": [
  0.007404723289245643,
  0.0030229764384593284
 ],
 "arerr": [
  0.5641759290920321,
  0.17165872563761966
 ],
 "acov": [
  [
   2.0898880785324364e-05,
   -6.966292271632478e-06
  ],
  [
   -6.966292271632478e-06,
   3.4831717186090625e-06
  ]
 ],
 "degrees_of_freedom": 3,
 "chi2": 7.870745934222403,
 "chi2_reduced": 2.6235819780741343,
 "p_probability": 0.048759909472016055
}