{
 "a0": [
  30.0,
  -0.001
 ],
 "a": [
  -0.0008464034368801783,
  0.0162317484168719
 ],
 "aerr": [
  0.0001425677819958217,
  0.0010333770742470471
 ],
 "arerr": [
  16.843951215666486,
  6.366394104364725
 ],
 "acov": [
  [
   3.375924301460115e-11,
   -2.417946036043625e-10
  ],
  [
   -2.417946036043625e-10,
   1.773648510009625e-09
  ]
 ],
 "degrees_of_freedom": 2,
 "chi2": 1204.148591508238,
 "chi2_reduced": 602.074295754119,
 "p_probability": 3.330087601226387e-262
}