{
 "a0": [
  1.0,
  1.0,
  1.0,
  1.0
 ],
 "a": [
  -0.00021403312666537147,
  3.8755286936984214e-05,
  4.027393482788382e-08,
  -5.886510386266159e-11
 ],
 "aerr": [
  2.0047482380236314e-05,
  3.619145321368795e-07,
  5.1038835831792705e-09,
  3.063849778116332e-11
 ],
 "arerr": [
  9.366532504839498,
  0.9338455749930317,
  12.672920103266334,
  52.04866002215187
 ],
 "acov": [
  [
   3.935623870988129e-11,
   8.238210557209202e-14,
   -6.579336007524138e-15,
   -2.998510481871094e-17
  ],
  [
   8.238210557209202e-14,
   1.2826434537385255e-14,
   -5.153974614953698e-17,
   -6.481051702447452e-19
  ],
  [
   -6.579336007524138e-15,
   -5.153974614953698e-17,
   2.5509116943725266e-18,
   1.3428392040817339e-20
  ],
  [
   -2.998510481871094e-17,
   -6.481051702447452e-19,
   1.3428392040817339e-20,
   9.192398449939267e-23
  ]
 ],
 "degrees_of_freedom": 16,
 "chi2": 163.39022750564988,
 "chi2_reduced": 10.211889219103117,
 "p_probability": 1.744132720128519e-26
}