{
 "a0": [
  60.0,
  -10.0,
  20.0
 ],
 "a": [
  40.411749571670036,
  -0.0015869972146833387,
  25.24439796034734
 ],
 "aerr": [
  0.019683767957189704,
  1.0907511296134772e-06,
  0.0046188231556184
 ],
 "arerr": [
  0.04870803210902967,
  0.06873050056556779,
  0.01829642823280405
 ],
 "acov": [
  [
   9.384270519346571e-07,
   -3.738717177169122e-11,
   1.0509853968030964e-07
  ],
  [
   -3.738717177169122e-11,
   2.881611230869517e-15,
   -1.1383146039465864e-11
  ],
  [
   1.0509853968030964e-07,
   -1.1383146039465864e-11,
   5.167098184889257e-08
  ]
 ],
 "degrees_of_freedom": 1903,
 "chi2": 785696.3634292638,
 "chi2_reduced": 412.87249786088483,
 "p_probability": 0.0
}