{
 "a0": [
  60.0,
  -15.0,
  20.0
 ],
 "a": [
  30.545649786815424,
  -0.0012853477641785167,
  25.508255355916965
 ],
 "aerr": [
  0.011080052709810134,
  1.5461379589093468e-06,
  0.01517000249237822
 ],
 "arerr": [
  0.036273750230033326,
  0.12028946577718634,
  0.05947095275906176
 ],
 "acov": [
  [
   1.07666022279252e-06,
   9.927619974639807e-11,
   -1.1576809427863327e-06
  ],
  [
   9.927619974639807e-11,
   2.0964837507216783e-14,
   -2.014480119780715e-10
  ],
  [
   -1.1576809427863327e-06,
   -2.014480119780715e-10,
   2.018209842321045e-06
  ]
 ],
 "degrees_of_freedom": 1244,
 "chi2": 141848.7015901686,
 "chi2_reduced": 114.02628745190403,
 "p_probability": 0.0
}