{
 "a0": [
  0.3,
  1.0,
  0.0
 ],
 "a": [
  0.00046648240753187245,
  0.23840200167950393,
  -0.001956601040774182
 ],
 "aerr": [
  0.00024526747537648695,
  0.04204653850959505,
  0.0017243387312668
 ],
 "arerr": [
  52.57807613242714,
  17.636822767168027,
  88.12929643462313
 ],
 "acov": [
  [
   2.1220849364566528e-08,
   3.6318223186420933e-06,
   -1.460802028856027e-07
  ],
  [
   3.6318223186420933e-06,
   0.0006236534619233982,
   -2.4735976120779813e-05
  ],
  [
   -1.460802028856027e-07,
   -2.4735976120779813e-05,
   1.0488853207970903e-06
  ]
 ],
 "degrees_of_freedom": 13,
 "chi2": 36.851953226434745,
 "chi2_reduced": 2.8347656328026725,
 "p_probability": 0.00043702876779517786
}