{
 "a0": [
  30.0,
  -0.001
 ],
 "a": [
  2.354873208837812e-05,
  0.003589297368381829
 ],
 "aerr": [
  0.00017094971865017124,
  0.0010623595964223064
 ],
 "arerr": [
  725.9402247585938,
  29.597982206229194
 ],
 "acov": [
  [
   1.7344992612650747e-11,
   -1.0489819178888741e-10
  ],
  [
   -1.0489819178888741e-10,
   6.698544225477635e-10
  ]
 ],
 "degrees_of_freedom": 1,
 "chi2": 1684.855506093328,
 "chi2_reduced": 1684.855506093328,
 "p_probability": 0.0
}