{
 "a0": [
  0.0,
  1.0,
  0.000225,
  7.5e-06
 ],
 "a": [
  2.906820328820607e-14,
  1.003502764633885,
  0.00023194880515534755,
  8.289052779995748e-06
 ],
 "aerr": [
  0.0,
  0.09646417317586843,
  3.76931738870947e-05,
  1.3430070819816763e-06
 ],
 "arerr": [
  0.0,
  9.61274613040674,
  16.250643697797763,
  16.20217795238077
 ],
 "acov": [
  [
   0.0,
   0.0,
   0.0,
   0.0
  ],
  [
   0.0,
   0.006816545419463222,
   -2.4567039976602987e-06,
   8.760250675876081e-08
  ],
  [
   0.0,
   -2.4567039976602987e-06,
   1.0407769285478387e-09,
   -3.70714818209008e-11
  ],
  [
   0.0,
   8.760250675876081e-08,
   -3.70714818209008e-11,
   1.3212616999368923e-12
  ]
 ],
 "degrees_of_freedom": 4,
 "chi2": 6.825551752310259,
 "chi2_reduced": 1.7063879380775648,
 "p_probability": 0.14539924094722242
}