{
 "a0": [
  0.0,
  1.0,
  0.000225,
  7.5e-06
 ],
 "a": [
  0.061283252282676545,
  1.033812596687773,
  0.0002440224278398312,
  7.835128409282153e-06
 ],
 "aerr": [
  0.00573255417589866,
  0.005201435287598177,
  3.156985238110745e-06,
  9.506917172387532e-08
 ],
 "arerr": [
  9.354193784390796,
  0.5031313512974237,
  1.2937274930249005,
  1.2133709463044458
 ],
 "acov": [
  [
   1.8533148147903318e-06,
   1.368735115373709e-06,
   -6.153839062843962e-10,
   1.663924119946064e-11
  ],
  [
   1.368735115373709e-06,
   1.5258057993004005e-06,
   -7.540826919455472e-10,
   2.18404686626298e-11
  ],
  [
   -6.153839062843962e-10,
   -7.540826919455472e-10,
   5.62079782219891e-13,
   -1.685973868084846e-14
  ],
  [
   1.663924119946064e-11,
   2.18404686626298e-11,
   -1.685973868084846e-14,
   5.097207133876285e-16
  ]
 ],
 "degrees_of_freedom": 17,
 "chi2": 301.43665339265397,
 "chi2_reduced": 17.731567846626703,
 "p_probability": 5.687544093512638e-54
}