{
 "a0": [
  0.0002,
  9e-06,
  1.0
 ],
 "a": [
  0.0002513748683829374,
  7.774312808625594e-06,
  0.9243130217191439
 ],
 "aerr": [
  7.559461612218057e-06,
  2.343147741641356e-07,
  0.010795835528876908
 ],
 "arerr": [
  3.007246373055156,
  3.0139612327428287,
  1.167984792510828
 ],
 "acov": [
  [
   7.866001948987182e-13,
   -2.400867434711924e-14,
   6.999556454323295e-10
  ],
  [
   -2.400867434711924e-14,
   7.55738702168925e-16,
   -2.1636493158264192e-11
  ],
  [
   6.999556454323295e-10,
   -2.1636493158264192e-11,
   1.604297242070513e-06
  ]
 ],
 "degrees_of_freedom": 24,
 "chi2": 1743.5681375275453,
 "chi2_reduced": 72.64867239698106,
 "p_probability": 0.0
}