{
 "a0": [
  30.0,
  -0.001,
  20.0
 ],
 "a": [
  40.94876019002339,
  -0.00121361033712092,
  27.039093760736197
 ],
 "aerr": [
  0.031236913539975632,
  2.3100741892373276e-06,
  0.020463080694656733
 ],
 "arerr": [
  0.07628292870167551,
  0.19034727363295023,
  0.07567960995930798
 ],
 "acov": [
  [
   4.452909758631447e-07,
   -1.380060389262195e-11,
   5.108531136608919e-08
  ],
  [
   -1.380060389262195e-11,
   2.4353395306636284e-15,
   -2.0609150781302598e-11
  ],
  [
   5.108531136608919e-08,
   -2.0609150781302598e-11,
   1.9109516401202492e-07
  ]
 ],
 "degrees_of_freedom": 1912,
 "chi2": 4189673.9359049136,
 "chi2_reduced": 2191.2520585276743,
 "p_probability": 0.0
}