{
 "a0": [
  -0.1,
  0.01,
  25.0
 ],
 "a": [
  -14.14625450341391,
  -0.0006597309305556585,
  23.665297892521796
 ],
 "aerr": [
  0.03282227719976129,
  3.3984111885383045e-06,
  0.038555117821508646
 ],
 "arerr": [
  0.2320209719953808,
  0.5151207910891781,
  0.1629183710114717
 ],
 "acov": [
  [
   2.4531310406421685e-07,
   -2.364164448243992e-11,
   -2.802155322145713e-07
  ],
  [
   -2.364164448243992e-11,
   2.629875442216612e-15,
   2.9482574194490994e-11
  ],
  [
   -2.802155322145713e-07,
   2.9482574194490994e-11,
   3.384912129713105e-07
  ]
 ],
 "degrees_of_freedom": 1864,
 "chi2": 8185827.304487037,
 "chi2_reduced": 4391.53825348017,
 "p_probability": 0.0
}