{
 "a0": [
  0.0,
  1.0,
  0.0002,
  8e-06
 ],
 "a": [
  0.07918718123505875,
  1.056767009670482,
  0.00024261872597319692,
  7.849997177577292e-06
 ],
 "aerr": [
  0.014092111417053375,
  0.013832334104782839,
  9.320871412328947e-06,
  2.8893206418488496e-07
 ],
 "arerr": [
  17.795950300620547,
  1.3089294024324243,
  3.841777412250801,
  3.680664561385953
 ],
 "acov": [
  [
   1.4019532117125979e-05,
   9.280066038754928e-06,
   -3.7691407335205115e-09,
   9.809900724477154e-11
  ],
  [
   9.280066038754928e-06,
   1.3507417512912802e-05,
   -7.1359110211927965e-09,
   2.1377052741254054e-10
  ],
  [
   -3.7691407335205115e-09,
   -7.1359110211927965e-09,
   6.1333029481095686e-12,
   -1.8936157598006641e-13
  ],
  [
   9.809900724477154e-11,
   2.1377052741254054e-10,
   -1.8936157598006641e-13,
   5.893494248277851e-15
  ]
 ],
 "degrees_of_freedom": 23,
 "chi2": 325.79652860206903,
 "chi2_reduced": 14.165066460959522,
 "p_probability": 2.7072129958448806e-55
}