{
 "a0": [
  1.0,
  1.0,
  1.0
 ],
 "a": [
  -0.0002518576773336184,
  3.8421712851720907e-05,
  5.02591489161385e-08
 ],
 "aerr": [
  1.0403801827272127e-05,
  1.677906055876644e-07,
  1.4290882719522408e-09
 ],
 "arerr": [
  4.130825765335289,
  0.43670777051301884,
  2.8434390608897724
 ],
 "acov": [
  [
   3.1938240378373577e-11,
   -1.3936715192072963e-13,
   -2.3750174489473915e-15
  ],
  [
   -1.3936715192072963e-13,
   8.307342687647273e-15,
   4.3942253239351465e-17
  ],
  [
   -2.3750174489473915e-15,
   4.3942253239351465e-17,
   6.026219594518193e-19
  ]
 ],
 "degrees_of_freedom": 16,
 "chi2": 54.22419829212284,
 "chi2_reduced": 3.3890123932576777,
 "p_probability": 4.765893924303068e-06
}