{
 "a0": [
  1.0,
  1.0
 ],
 "a": [
  0.0014504813631342054,
  0.6591122654978497
 ],
 "aerr": [
  0.0012190683130588044,
  0.002385515882085061
 ],
 "arerr": [
  84.04577570198055,
  0.3619286132208753
 ],
 "acov": [
  [
   1.909874049381796e-06,
   -3.2779141173026998e-06
  ],
  [
   -3.2779141173026998e-06,
   7.313297937233878e-06
  ]
 ],
 "degrees_of_freedom": 9,
 "chi2": 7.003157078062676,
 "chi2_reduced": 0.7781285642291862,
 "p_probability": 0.6367906929514564
}