{
 "a0": [
  0.0,
  1.0,
  0.000225,
  7.5e-06
 ],
 "a": [
  0.047363173503300965,
  1.0263889982267675,
  0.00025217146321482287,
  7.603586342191234e-06
 ],
 "aerr": [
  0.009767727469872095,
  0.009154436341207517,
  5.980352539523653e-06,
  1.7033797804121072e-07
 ],
 "arerr": [
  20.623042645551052,
  0.8919070992599398,
  2.3715421496480107,
  2.240232048080117
 ],
 "acov": [
  [
   1.5611664924774586e-05,
   1.2125582405830595e-05,
   -5.777576432852533e-09,
   1.4947555168662418e-10
  ],
  [
   1.2125582405830595e-05,
   1.371277568187153e-05,
   -7.383217007503514e-09,
   2.029349634296361e-10
  ],
  [
   -5.777576432852533e-09,
   -7.383217007503514e-09,
   5.852153732098055e-12,
   -1.6613722062912622e-13
  ],
  [
   1.4947555168662418e-10,
   2.029349634296361e-10,
   -1.6613722062912622e-13,
   4.747720338992126e-15
  ]
 ],
 "degrees_of_freedom": 18,
 "chi2": 110.00447466286413,
 "chi2_reduced": 6.111359703492451,
 "p_probability": 3.1413652364730045e-15
}