{
 "a0": [
  1.0,
  1.0
 ],
 "a": [
  -5.356890241935141e-05,
  3.476195096319016e-05
 ],
 "aerr": [
  7.510179042861034e-05,
  1.128960739502849e-06
 ],
 "arerr": [
  140.1966197490735,
  3.247690961587049
 ],
 "acov": [
  [
   2.255657546115179e-11,
   3.3475142022025233e-14
  ],
  [
   3.3475142022025233e-14,
   5.097183432145841e-15
  ]
 ],
 "degrees_of_freedom": 17,
 "chi2": 4250.855450112433,
 "chi2_reduced": 250.05032059484898,
 "p_probability": 0.0
}