{
 "a0": [
  1.0,
  1.0
 ],
 "a": [
  0.0014230260021592844,
  0.659202992572574
 ],
 "aerr": [
  0.0011913537484650456,
  0.002371216654406449
 ],
 "arerr": [
  83.7197455743815,
  0.35970963134627965
 ],
 "acov": [
  [
   4.007427205929198e-06,
   -6.958756447404176e-06
  ],
  [
   -6.958756447404176e-06,
   1.5875471922152523e-05
  ]
 ],
 "degrees_of_freedom": 9,
 "chi2": 3.1875597807330767,
 "chi2_reduced": 0.3541733089703418,
 "p_probability": 0.9563920342467257
}