{
 "a0": [
  1.0,
  1.0
 ],
 "a": [
  -0.0021826486791258638,
  1.517102640694849
 ],
 "aerr": [
  0.0018382524837302126,
  0.0054756145177815
 ],
 "arerr": [
  84.22118050012614,
  0.3609257785797282
 ],
 "acov": [
  [
   2.8228443049576208e-05,
   -7.366805505163255e-05
  ],
  [
   -7.366805505163255e-05,
   0.000250462282953149
  ]
 ],
 "degrees_of_freedom": 9,
 "chi2": 1.077372552643113,
 "chi2_reduced": 0.11970806140479034,
 "p_probability": 0.999237518603389
}