{
 "a0": [
  1.0,
  1.0
 ],
 "a": [
  1.312486795981843,
  1.7610376273671446
 ],
 "aerr": [
  0.007404895887565094,
  0.0030230230577824343
 ],
 "arerr": [
  0.5641882196632425,
  0.17166146882971675
 ],
 "acov": [
  [
   6.659358987481092e-05,
   -2.2197856121822172e-05
  ],
  [
   -2.2197856121822172e-05,
   1.1098835972531609e-05
  ]
 ],
 "degrees_of_freedom": 3,
 "chi2": 2.470169420604499,
 "chi2_reduced": 0.8233898068681663,
 "p_probability": 0.4807062671037813
}