{
 "a0": [
  60.0,
  -15.0,
  20.0
 ],
 "a": [
  27.715857764135045,
  -0.0014140672471668195,
  23.5184906849426
 ],
 "aerr": [
  0.1423550453456335,
  9.027354016003793e-06,
  0.025016127132647583
 ],
 "arerr": [
  0.5136230910011532,
  0.6383963728804776,
  0.10636791054225186
 ],
 "acov": [
  [
   3.146599715111262e-07,
   -1.5246145817199144e-11,
   2.9480498013864033e-08
  ],
  [
   -1.5246145817199144e-11,
   1.265367626265665e-15,
   -3.260649237874561e-12
  ],
  [
   2.9480498013864033e-08,
   -3.260649237874561e-12,
   9.717083208296456e-09
  ]
 ],
 "degrees_of_freedom": 2354,
 "chi2": 151604009.57496583,
 "chi2_reduced": 64402.72284408064,
 "p_probability": 0.0
}