{
 "a0": [
  30.0,
  -0.001,
  20.0
 ],
 "a": [
  40.41176001520954,
  -0.001586997748694981,
  25.24439978189292
 ],
 "aerr": [
  0.01968364774823665,
  1.0907458475992662e-06,
  0.0046188063989741615
 ],
 "arerr": [
  0.04870772206117335,
  0.06873014460771654,
  0.018296360534929803
 ],
 "acov": [
  [
   9.384155899787188e-07,
   -3.738661400908244e-11,
   1.0509665926932314e-07
  ],
  [
   -3.738661400908244e-11,
   2.881583322179797e-15,
   -1.1383046229412009e-11
  ],
  [
   1.0509665926932314e-07,
   -1.1383046229412009e-11,
   5.167060693350375e-08
  ]
 ],
 "degrees_of_freedom": 1903,
 "chi2": 785696.3634506623,
 "chi2_reduced": 412.87249787212943,
 "p_probability": 0.0
}