{
 "a0": [
  0.0,
  1.0,
  0.0002,
  8e-06
 ],
 "a": [
  -3.428370715811237e-13,
  0.791784665776906,
  0.00034419666397030534,
  5.593083044382393e-06
 ],
 "aerr": [
  0.0,
  0.05486180025171174,
  3.517700213464336e-05,
  5.708850213208524e-07
 ],
 "arerr": [
  0.0,
  6.92887885090334,
  10.220029947088086,
  10.206982746201856
 ],
 "acov": [
  [
   0.0,
   0.0,
   0.0,
   0.0
  ],
  [
   0.0,
   0.0005485829467885665,
   -3.285291562120275e-07,
   5.334297784542235e-09
  ],
  [
   0.0,
   -3.285291562120275e-07,
   2.2553806190108826e-10,
   -3.65994283713736e-12
  ],
  [
   0.0,
   5.334297784542235e-09,
   -3.65994283713736e-12,
   5.940178430426138e-14
  ]
 ],
 "degrees_of_freedom": 4,
 "chi2": 27.432653024290545,
 "chi2_reduced": 6.858163256072636,
 "p_probability": 1.6250790770247706e-05
}