{
 "a0": [
  60.0,
  -15.0,
  20.0
 ],
 "a": [
  33.91541025780349,
  -0.0013561919292587503,
  26.571385382556517
 ],
 "aerr": [
  0.016675890028809027,
  2.3364787410103214e-06,
  0.022708363514340243
 ],
 "arerr": [
  0.04916906474681999,
  0.1722823068477751,
  0.085461722026913
 ],
 "acov": [
  [
   1.0341496977429747e-06,
   7.571978617301233e-11,
   -9.510773425555247e-07
  ],
  [
   7.571978617301233e-11,
   2.0301542290675897e-14,
   -1.927118683535912e-10
  ],
  [
   -9.510773425555247e-07,
   -1.927118683535912e-10,
   1.9176839788838043e-06
  ]
 ],
 "degrees_of_freedom": 1252,
 "chi2": 336665.77159238595,
 "chi2_reduced": 268.9023734763466,
 "p_probability": 0.0
}