{
 "a0": [
  0.0,
  1.0,
  0.000172016,
  9.05446e-06
 ],
 "a": [
  3.318223002300275e-13,
  1.0693331514511002,
  0.00022867979173533706,
  8.414065999268125e-06
 ],
 "aerr": [
  0.0,
  0.0727181706608661,
  2.6713944695185255e-05,
  9.800690447871391e-07
 ],
 "arerr": [
  0.0,
  6.800328836919206,
  11.681812587140486,
  11.647983803221747
 ],
 "acov": [
  [
   0.0,
   0.0,
   0.0,
   0.0
  ],
  [
   0.0,
   0.008186521263975276,
   -2.4666508901229845e-06,
   9.062172067416144e-08
  ],
  [
   0.0,
   -2.4666508901229845e-06,
   1.1048149676784407e-09,
   -4.0520655342776165e-11
  ],
  [
   0.0,
   9.062172067416144e-08,
   -4.0520655342776165e-11,
   1.4870543745234177e-12
  ]
 ],
 "degrees_of_freedom": 4,
 "chi2": 3.229657734801442,
 "chi2_reduced": 0.8074144337003605,
 "p_probability": 0.5201540742278096
}