{
 "a0": [
  1.0,
  1.0,
  1.0
 ],
 "a": [
  10.333706893666577,
  -8.709773835722892,
  3.4405644059090226
 ],
 "aerr": [
  0.9778788195337343,
  1.5366432951822593,
  0.6031157850931712
 ],
 "arerr": [
  9.46300131788203,
  17.642746231592835,
  17.529559512309827
 ],
 "acov": [
  [
   3.3153458476001934,
   -5.209100606736654,
   2.0437548820839053
  ],
  [
   -5.209100606736654,
   8.186624880099206,
   -3.212762960378169
  ],
  [
   2.0437548820839053,
   -3.212762960378169,
   1.2611308533765817
  ]
 ],
 "degrees_of_freedom": 6,
 "chi2": 1.730583226576257,
 "chi2_reduced": 0.2884305377627095,
 "p_probability": 0.942735850730225
}