{
 "a0": [
  0.0,
  1.0,
  0.000225,
  7.5e-06
 ],
 "a": [
  0.07918724266457856,
  1.056767135167493,
  0.00024261861570655041,
  7.850000594613129e-06
 ],
 "aerr": [
  0.014092103292893829,
  0.013832341289205798,
  9.320868782262084e-06,
  2.889322245910978e-07
 ],
 "arerr": [
  17.79592623597867,
  1.3089299268389372,
  3.841778074249573,
  3.6806650026163115
 ],
 "acov": [
  [
   8.762197470198273e-07,
   5.800044186015022e-07,
   -2.355715182303467e-10,
   6.1312020738844395e-12
  ],
  [
   5.800044186015022e-07,
   8.442144715044375e-07,
   -4.459946675657422e-10,
   1.3360676658321483e-11
  ],
  [
   -2.355715182303467e-10,
   -4.459946675657422e-10,
   3.833312179230087e-13,
   -1.1835101760639782e-14
  ],
  [
   6.1312020738844395e-12,
   1.3360676658321483e-11,
   -1.1835101760639782e-14,
   3.6834379949866794e-16
  ]
 ],
 "degrees_of_freedom": 23,
 "chi2": 5212.7444576995995,
 "chi2_reduced": 226.64106337824344,
 "p_probability": 0.0
}