{
 "a0": [
  60.0,
  -15.0,
  20.0
 ],
 "a": [
  50.779405259133014,
  -0.0008491655679454347,
  33.14236728281527
 ],
 "aerr": [
  0.038736392454870955,
  2.0962181045742036e-06,
  0.03999531788468763
 ],
 "arerr": [
  0.07628366708352488,
  0.24685622965684137,
  0.12067731174238026
 ],
 "acov": [
  [
   2.711309447481559e-07,
   -6.817609034662485e-13,
   -5.119763996049554e-08
  ],
  [
   -6.817609034662485e-13,
   7.939875237103213e-16,
   -1.4619790047051447e-11
  ],
  [
   -5.119763996049554e-08,
   -1.4619790047051447e-11,
   2.890407323440878e-07
  ]
 ],
 "degrees_of_freedom": 2371,
 "chi2": 13121721.349052185,
 "chi2_reduced": 5534.256157339597,
 "p_probability": 0.0
}