{
 "a0": [
  0.000171994,
  9.05566e-06,
  0.983053964,
  0.0
 ],
 "a": [
  0.000251374825369472,
  7.774314004604018e-06,
  0.9243129848039888,
  0.0
 ],
 "aerr": [
  7.55946142229389e-06,
  2.3431484497969287e-07,
  0.010795835629194717,
  0.0
 ],
 "arerr": [
  3.0072468120795133,
  3.013961679974973,
  1.1679848500109624,
  NaN
 ],
 "acov": [
  [
   7.866001553683693e-13,
   -2.4008681004739225e-14,
   6.999556786355281e-10,
   0.0
  ],
  [
   -2.4008681004739225e-14,
   7.557391589687932e-16,
   -2.1636501887873205e-11,
   0.0
  ],
  [
   6.999556786355281e-10,
   -2.1636501887873205e-11,
   1.604297271875011e-06,
   0.0
  ],
  [
   0.0,
   0.0,
   0.0,
   0.0
  ]
 ],
 "degrees_of_freedom": 23,
 "chi2": 1743.5681375390939,
 "chi2_reduced": 75.8073103277867,
 "p_probability": 0.0
}