{
 "a0": [
  1.0,
  1.0,
  1.0
 ],
 "a": [
  10.333619041919635,
  -8.70963583156201,
  3.4405102725853305
 ],
 "aerr": [
  0.9778911452737543,
  1.536661825630131,
  0.6031226543445093
 ],
 "arerr": [
  9.463201046088646,
  17.64323853887863,
  17.530034982028987
 ],
 "acov": [
  [
   2.6523435403516777,
   -4.167383282428942,
   1.6350431604319382
  ],
  [
   -4.167383282428942,
   6.549457862222472,
   -2.5702706458217697
  ],
  [
   1.6350431604319382,
   -2.5702706458217697,
   1.0089276649803212
  ]
 ],
 "degrees_of_freedom": 6,
 "chi2": 2.1632290330189017,
 "chi2_reduced": 0.36053817216981693,
 "p_probability": 0.9040908257463207
}