{
 "a0": [
  0.00017,
  9.05e-06,
  0.92,
  0.0
 ],
 "a": [
  0.0002330471941144209,
  8.33536074286761e-06,
  0.9179948413920251,
  0.0
 ],
 "aerr": [
  5.499158374579943e-06,
  1.9005449677889866e-07,
  0.006621805473507684,
  0.0
 ],
 "arerr": [
  2.3596758568481113,
  2.2800992379546887,
  0.7213336257387394,
  NaN
 ],
 "acov": [
  [
   1.110090250291129e-12,
   -3.788980258311582e-14,
   7.763307938252593e-10,
   0.0
  ],
  [
   -3.788980258311582e-14,
   1.325934689164014e-15,
   -2.761949761426989e-11,
   0.0
  ],
  [
   7.763307938252593e-10,
   -2.761949761426989e-11,
   1.6096026204583077e-06,
   0.0
  ],
  [
   0.0,
   0.0,
   0.0,
   0.0
  ]
 ],
 "degrees_of_freedom": 16,
 "chi2": 463.10885799897073,
 "chi2_reduced": 28.94430362493567,
 "p_probability": 1.99803026653001e-88
}