{
 "a0": [
  1.0,
  1.0,
  1.0,
  1.0
 ],
 "a": [
  -0.00023738906012011796,
  3.870639267128251e-05,
  4.4178335903330394e-08,
  -4.107086405968079e-11
 ],
 "aerr": [
  1.0288315738315986e-05,
  1.7647530789317938e-07,
  2.545382746250237e-09,
  1.5132500316912954e-11
 ],
 "arerr": [
  4.33394686895434,
  0.4559332340575152,
  5.76160847665236,
  36.8448550167429
 ],
 "acov": [
  [
   4.365772971642126e-11,
   9.13659472214099e-14,
   -7.300124444100618e-15,
   -3.3270918970797844e-17
  ],
  [
   9.13659472214099e-14,
   1.2845188347856162e-14,
   -5.3037191452039155e-17,
   -6.549254021578469e-19
  ],
  [
   -7.300124444100618e-15,
   -5.3037191452039155e-17,
   2.672260375724069e-18,
   1.3981842315063623e-20
  ],
  [
   -3.3270918970797844e-17,
   -6.549254021578469e-19,
   1.3981842315063623e-20,
   9.444826044903208e-23
  ]
 ],
 "degrees_of_freedom": 15,
 "chi2": 36.367938078374216,
 "chi2_reduced": 2.424529205224948,
 "p_probability": 0.001563977403783869
}