{
 "a0": [
  1.5,
  0.0
 ],
 "a": [
  0.0037377318992397116,
  0.0014209244039000504
 ],
 "aerr": [
  0.000925992711683889,
  2.7395222804327557e-05
 ],
 "arerr": [
  24.77418757274282,
  1.9279859455672048
 ],
 "acov": [
  [
   2.7779005873990557e-07,
   -7.736618728857145e-09
  ],
  [
   -7.736618728857145e-09,
   2.431371023006338e-10
  ]
 ],
 "degrees_of_freedom": 5,
 "chi2": 15.433642693717177,
 "chi2_reduced": 3.0867285387434356,
 "p_probability": 0.008661581552535567
}