{
 "a0": [
  1.0,
  1.0
 ],
 "a": [
  0.0037377317826967848,
  0.0014209244073580894
 ],
 "aerr": [
  0.000925994197634461,
  2.7395279100071343e-05
 ],
 "arerr": [
  24.774228100614362,
  1.9279899027849843
 ],
 "acov": [
  [
   2.7779095028608967e-07,
   -7.736649140861768e-09
  ],
  [
   -7.736649140861768e-09,
   2.4313810156961907e-10
  ]
 ],
 "degrees_of_freedom": 5,
 "chi2": 15.433642693716408,
 "chi2_reduced": 3.0867285387432815,
 "p_probability": 0.008661581552538334
}