{
 "a0": [
  1.0,
  1.0,
  1.0
 ],
 "a": [
  -0.00023323534563328578,
  3.83404492317166e-05,
  4.887431762851383e-08
 ],
 "aerr": [
  1.870380059184341e-05,
  3.1260831758503197e-07,
  2.6406755636222956e-09
 ],
 "arerr": [
  8.01928221516273,
  0.8153486040180017,
  5.402992188440694
 ],
 "acov": [
  [
   2.957611661291072e-11,
   -1.2905815506476585e-13,
   -2.199348038815466e-15
  ],
  [
   -1.2905815506476585e-13,
   8.261948448940636e-15,
   4.317277286818369e-17
  ],
  [
   -2.199348038815466e-15,
   4.317277286818369e-17,
   5.895376089950006e-19
  ]
 ],
 "degrees_of_freedom": 17,
 "chi2": 201.0793620976742,
 "chi2_reduced": 11.828197770451423,
 "p_probability": 1.7370411596069218e-33
}