{
 "a0": [
  -0.1,
  0.001,
  25.0
 ],
 "a": [
  -14.698000430174089,
  -0.0007168597167943053,
  23.660638800475073
 ],
 "aerr": [
  0.022304312494798993,
  2.6195780173155863e-06,
  0.02678683951291181
 ],
 "arerr": [
  0.1517506588788065,
  0.3654240789299707,
  0.11321266403159819
 ],
 "acov": [
  [
   1.72560591792611e-07,
   -1.8112476300217006e-11,
   -1.9726083934796572e-07
  ],
  [
   -1.8112476300217006e-11,
   2.380272142195115e-15,
   2.397879201956256e-11
  ],
  [
   -1.9726083934796572e-07,
   2.397879201956256e-11,
   2.4888968075199517e-07
  ]
 ],
 "degrees_of_freedom": 1871,
 "chi2": 5393986.414599678,
 "chi2_reduced": 2882.943032923398,
 "p_probability": 0.0
}