{
 "a0": [
  2.0,
  1.0,
  0.0
 ],
 "a": [
  0.00257434933448761,
  0.1316835484299366,
  -0.010351991730348137
 ],
 "aerr": [
  0.00013539369664148065,
  0.0029829387088426526,
  0.0023820860183075454
 ],
 "arerr": [
  5.259336595374262,
  2.265232631113181,
  23.01089568420121
 ],
 "acov": [
  [
   1.7454758726678486e-09,
   3.8141866950711496e-08,
   -2.9531308851190265e-08
  ],
  [
   3.8141866950711496e-08,
   8.472383739358471e-07,
   -6.268818294969826e-07
  ],
  [
   -2.9531308851190265e-08,
   -6.268818294969826e-07,
   5.402961069255814e-07
  ]
 ],
 "degrees_of_freedom": 15,
 "chi2": 157.53400013109456,
 "chi2_reduced": 10.502266675406304,
 "p_probability": 7.636798435214362e-26
}