{
 "a0": [
  0.3,
  1.0,
  0.0
 ],
 "a": [
  0.0029875852139958125,
  0.139508860448895,
  -0.02053411826862264
 ],
 "aerr": [
  0.00018169888811781754,
  0.003512353850456233,
  0.003113882579137205
 ],
 "arerr": [
  6.081797676150643,
  2.5176564693845247,
  15.16443286437774
 ],
 "acov": [
  [
   3.0203596804087326e-09,
   5.795960968328375e-08,
   -4.982306616916938e-08
  ],
  [
   5.795960968328375e-08,
   1.1286275549428566e-06,
   -9.301131600957316e-07
  ],
  [
   -4.982306616916938e-08,
   -9.301131600957316e-07,
   8.870714222566519e-07
  ]
 ],
 "degrees_of_freedom": 15,
 "chi2": 163.95970730272495,
 "chi2_reduced": 10.930647153514997,
 "p_probability": 3.97155000882521e-27
}