{
 "a0": [
  60.0,
  -20.0,
  20.0
 ],
 "a": [
  52.46416781939722,
  -0.0005512910957072911,
  31.538045591171226
 ],
 "aerr": [
  0.04444446360042185,
  1.5772985465806713e-06,
  0.051118223490301165
 ],
 "arerr": [
  0.08471393990926832,
  0.28610992611027775,
  0.16208430970310736
 ],
 "acov": [
  [
   9.178410074678984e-08,
   4.0552348248601353e-13,
   -3.610066072437635e-08
  ],
  [
   4.0552348248601353e-13,
   1.1560055666502627e-16,
   -3.6238689948917027e-12
  ],
  [
   -3.610066072437635e-08,
   -3.6238689948917027e-12,
   1.2141815349559554e-07
  ]
 ],
 "degrees_of_freedom": 3465,
 "chi2": 74571197.93948783,
 "chi2_reduced": 21521.269246605436,
 "p_probability": 0.0
}