{
 "a0": [
  1.5,
  0.0,
  0.0
 ],
 "a": [
  -0.25132690772304794,
  -0.0390925947992161,
  1.5714418912004084
 ],
 "aerr": [
  0.012514587132804482,
  0.0026050689014309584,
  0.26814332748781805
 ],
 "arerr": [
  4.979406003990248,
  6.663842384499881,
  17.06352166054235
 ],
 "acov": [
  [
   0.0001527033665083058,
   -3.164437853854185e-05,
   -0.003027759407927325
  ],
  [
   -3.164437853854185e-05,
   6.616891108112184e-06,
   0.0006102390518361515
  ],
  [
   -0.003027759407927325,
   0.0006102390518361515,
   0.07010508941899167
  ]
 ],
 "degrees_of_freedom": 18,
 "chi2": 18.461073284384103,
 "chi2_reduced": 1.0256151824657835,
 "p_probability": 0.42568954474229304
}