{
 "a0": [
  1.5,
  0.0,
  0.0
 ],
 "a": [
  -0.2513269999196835,
  -0.03909257568128862,
  1.5714437538621173
 ],
 "aerr": [
  0.012514594600260234,
  0.0026050733007175553,
  0.26814271106937637
 ],
 "arerr": [
  4.979407148559256,
  6.6638568969106196,
  17.063462208581466
 ],
 "acov": [
  [
   0.00015270354891088912,
   -3.164445112115193e-05,
   -0.003027752700212147
  ],
  [
   -3.164445112115193e-05,
   6.616913463767069e-06,
   0.000610238320846802
  ],
  [
   -0.003027752700212147,
   0.000610238320846802,
   0.07010476717502422
  ]
 ],
 "degrees_of_freedom": 18,
 "chi2": 18.46107326428025,
 "chi2_reduced": 1.025615181348903,
 "p_probability": 0.42568954602987036
}