{
 "a0": [
  30.0,
  -0.001
 ],
 "a": [
  0.0011816591986314924,
  0.0009360812435088607
 ],
 "aerr": [
  2.3370078236959884e-05,
  7.263780431842869e-05
 ],
 "arerr": [
  1.9777342116936363,
  7.75977564149763
 ],
 "acov": [
  [
   2.351818726320089e-12,
   -6.283299988565874e-12
  ],
  [
   -6.283299988565874e-12,
   2.2720031407265517e-11
  ]
 ],
 "degrees_of_freedom": 2,
 "chi2": 464.45803895456527,
 "chi2_reduced": 232.22901947728263,
 "p_probability": 1.393857265579982e-101
}